technology,investment,FOM,VOM,fuel,carbon_cost,tax
CCGT,7.051934629849689,2.7085064410181574,1.827,50.0,40.49999999999999,0.0
