technology,investment,FOM,VOM,fuel,carbon_cost,tax
coal,12.184856402598353,2.773704002148804,5.25,30.0,76.5,0.0
