technology,investment,FOM,VOM,fuel,carbon_cost,tax
Gas_CHP,8.574091331009994,2.77061509535321,5.500000000000001,50.0,0.0,0.0
