technology,investment,FOM,VOM,fuel,carbon_cost,tax
Gas_CHP,8.574091331009994,2.77061509535321,5.500000000000001,33.0,138.6,0.0
