technology,investment,FOM,VOM,fuel,carbon_cost,tax
Gas_CHP,5.980299830754554,2.7706150953532105,5.500000000000001,50.00000000000001,4500.0,0.0
