technology,investment,FOM,VOM,fuel,carbon_cost,tax
Gas_CHP,6.131022834619101,2.7706150953532105,5.500000000000001,50.00000000000001,85170.888,0.0
