technology,investment,FOM,VOM,fuel,carbon_cost,tax
nuclear,51.98962832200503,13.430029546065,2.0,9.329999999999998,0.0,16.309999999999995
