technology,investment,FOM,VOM,fuel,carbon_cost,tax
nuclear_lto,14.039010758115714,13.430029546065002,4.0,9.330000000000002,0.0,16.31
