technology,investment,FOM,VOM,fuel,carbon_cost,tax
SMR_CHP,25.994814161002523,13.430029546065006,2.0,7.1499999999999995,0.0,0.0
