technology,investment,FOM,VOM,fuel,carbon_cost,tax
SMR_CHP,136.53384420592425,26.513477684489626,2.8000000000000003,12.000000000000002,0.0,16.310000000000002
