technology,investment,FOM,VOM,fuel,carbon_cost,tax
SMR_CHP,129.707151995628,26.513477684489615,2.8000000000000003,12.0,0.0,16.31
