technology,investment,FOM,VOM,fuel,carbon_cost,tax
SMR_CHP,129.70715199562804,26.513477684489626,2.8000000000000003,12.000000000000002,0.0,16.310000000000002
